gen,nevals,avg,min,max
0,3,12.231312004126595,9.996202167584956,13.751077045631366
1,0,9.996202167584956,9.996202167584956,9.996202167584956
2,1,10.462224589268672,9.996202167584956,11.394269432636104
