gen,nevals,avg,min,max
0,3,12.95554504993783,8.801489032472197,16.634601851214967
1,2,9.701806340370988,8.556923343726822,11.747006644913947
